Type Code,Product Line
MOIS,AloeVera Hydrate Moisturizer
MOIS,Chamomile Night Cream
MOIS,Rosehip Day Cream
CLEN,Lavender Foam Cleanser
CLEN,GreenTea Micellar Water
CLEN,Jojoba Oil Cleanser
TONR,CucumberGlow Toner
TONR,RosePetal Toner
TONR,WitchHazel Harmony Toner
SRUM,VitaminC Radiant Serum
SRUM,HyaluronicBoost Serum
SRUM,RetinolRenewal Serum
OMAE,GreenClay Mask
OMAE,WalnutScrub Exfoliant
OMAE,BambooSheet Mask
SHAM,SilkAloe Shampoo
SHAM,EcoBar Shampoo
SHAM,Hibiscus ColorCare Shampoo
COND,Avocado Leave-In Conditioner
COND,CoconutDeep Treatment
COND,EcoBar Conditioner
HTAS,ArganOil Growth Serum
HTAS,FrizzFree Serum
HTAS,HeatGuard Spray
STYL,AloeVera Styling Gel
STYL,EcoHold Hair Spray
STYL,SheaButter Pomade
FMKU,ChamomileBlend Foundation
FMKU,GlowCare BB Cream
FMKU,ClearSkin Concealer
EMKU,Jasmine Eyeshadow
EMKU,LashNature Mascara
EMKU,GreenLine Eyeliner
LIPP,EcoLuxe Lipstick
LIPP,NourishBalm
LIPP,SheaShine Gloss
CHKP,MineralBlush
CHKP,SunKiss Bronzer
CHKP,GlowNature Highlighter
BBAL,SilkySmooth Lotion
BBAL,ButterRich Cream
BBAL,AloePure Gel
SOAP,LavenderCrafted Soap
SOAP,CastilePure Soap
SOAP,ExfoSoap Bar
BATH,LavenderBliss Bath Bomb
BATH,EucalyptusRelax Salt Soak
BATH,ChamomileBubble Bath
DEOD,PurePits Deodorant
DEOD,RollFresh Deodorant
DEOD,CreamFresh Deodorant
PFUM,SolidLavender Perfume
PFUM,NatureMist Spray
PFUM,RollJasmine Perfume
MIST,FloralBreeze Mist
MIST,CitrusBurst Spray
MIST,HerbalFresh Spray
SNSC,MineralShield Sunscreen
SNSC,SunGuard Lotion
SNSC,TintSafe Sunscreen
ASUN,SoothingAloe Gel
ASUN,CoolRelief Spray
ASUN,HydraSun Lotion
SHAV,SmoothShave Cream
SHAV,FreshPost Aftershave
SHAV,GlideShave Oil
BRDC,BeardNature Oil
BRDC,SoftBeard Balm
BRDC,BeardClean Shampoo
HSFM,HoldTight Pomade
HSFM,FlexStyle Gel
