Product Line,GH Product Type Name
AloeVera Hydrate Moisturizer,Organic Moisturizers
Chamomile Night Cream,Organic Moisturizers
Rosehip Day Cream,Organic Moisturizers
Lavender Foam Cleanser,Natural Cleansers
GreenTea Micellar Water,Natural Cleansers
Jojoba Oil Cleanser,Natural Cleansers
CucumberGlow Toner,Eco-Friendly Toners
RosePetal Toner,Eco-Friendly Toners
WitchHazel Harmony Toner,Eco-Friendly Toners
VitaminC Radiant Serum,Sustainable Serums
HyaluronicBoost Serum,Sustainable Serums
RetinolRenewal Serum,Sustainable Serums
GreenClay Mask,Organic Masks and Exfoliants
WalnutScrub Exfoliant,Organic Masks and Exfoliants
BambooSheet Mask,Organic Masks and Exfoliants
SilkAloe Shampoo,Natural Shampoos
EcoBar Shampoo,Natural Shampoos
Hibiscus ColorCare Shampoo,Natural Shampoos
Avocado Leave-In Conditioner,Eco-Friendly Conditioners
CoconutDeep Treatment,Eco-Friendly Conditioners
EcoBar Conditioner,Eco-Friendly Conditioners
ArganOil Growth Serum,Hair Treatments and Serums
FrizzFree Serum,Hair Treatments and Serums
HeatGuard Spray,Hair Treatments and Serums
AloeVera Styling Gel,Styling Products
EcoHold Hair Spray,Styling Products
SheaButter Pomade,Styling Products
ChamomileBlend Foundation,Face Makeup
GlowCare BB Cream,Face Makeup
ClearSkin Concealer,Face Makeup
Jasmine Eyeshadow,Eye Makeup
LashNature Mascara,Eye Makeup
GreenLine Eyeliner,Eye Makeup
EcoLuxe Lipstick,Lip Products
NourishBalm,Lip Products
SheaShine Gloss,Lip Products
MineralBlush,Cheek Products
SunKiss Bronzer,Cheek Products
GlowNature Highlighter,Cheek Products
SilkySmooth Lotion,Body Lotions and Butters
ButterRich Cream,Body Lotions and Butters
AloePure Gel,Body Lotions and Butters
LavenderCrafted Soap,Natural Soaps
CastilePure Soap,Natural Soaps
ExfoSoap Bar,Natural Soaps
LavenderBliss Bath Bomb,Bath Products
EucalyptusRelax Salt Soak,Bath Products
ChamomileBubble Bath,Bath Products
PurePits Deodorant,Deodorants
RollFresh Deodorant,Deodorants
CreamFresh Deodorant,Deodorants
SolidLavender Perfume,Natural Perfumes
NatureMist Spray,Natural Perfumes
RollJasmine Perfume,Natural Perfumes
FloralBreeze Mist,Body Mists
CitrusBurst Spray,Body Mists
HerbalFresh Spray,Body Mists
MineralShield Sunscreen,Natural Sunscreens
SunGuard Lotion,Natural Sunscreens
TintSafe Sunscreen,Natural Sunscreens
SoothingAloe Gel,After-Sun Care
CoolRelief Spray,After-Sun Care
HydraSun Lotion,After-Sun Care
SmoothShave Cream,Shaving Products
FreshPost Aftershave,Shaving Products
GlideShave Oil,Shaving Products
BeardNature Oil,Beard Care
SoftBeard Balm,Beard Care
BeardClean Shampoo,Beard Care
HoldTight Pomade,Hair Styling for Men
FlexStyle Gel,Hair Styling for Men